Tipo de Outorga;CNPJ;UF;Empresa;Porte da Prestadora;Grupo Econômico;2007-06;2007-07;2007-08;2007-09;2007-10;2007-11;2007-12;2008-01;2008-02;2008-03;2008-04;2008-05;2008-06;2008-07;2008-08;2008-09;2008-10;2008-11;2008-12;2009-01;2009-02;2009-03;2009-04;2009-05;2009-06;2009-07;2009-08;2009-09;2009-10;2009-11;2009-12;2010-01;2010-02;2010-03;2010-04;2010-05;2010-06;2010-07;2010-08;2010-09;2010-10;2010-11;2010-12;2011-01;2011-02;2011-03;2011-04;2011-05;2011-06;2011-07;2011-08;2011-09;2011-10;2011-11;2011-12;2012-01;2012-02;2012-03;2012-04;2012-05;2012-06;2012-07;2012-08;2012-09;2012-10;2012-11;2012-12;2013-01;2013-02;2013-03;2013-04;2013-05;2013-06
Autorização;76535764000143;GO;OI;Grande Porte;OI;60;70;70;70;70;70;70;70;70;80;90;130;130;140;140;140;140;140;140;140;140;140;140;140;140;140;140;140;140;140;140;140;140;140;140;140;140;140;140;140;140;140;140;170;170;170;170;170;170;170;170;170;170;170;170;170;170;170;170;140;140;140;140;170;170;170;170;170;170;170;170;170;170
Autorização;76535764000143;MS;OI;Grande Porte;OI;72;71;74;74;75;76;75;75;74;106;112;113;113;117;120;150;150;149;149;165;165;162;167;167;167;178;178;177;181;182;182;182;182;181;181;182;181;181;184;159;160;159;160;160;158;158;157;157;142;142;142;144;146;146;148;148;147;148;148;154;155;155;155;158;160;162;165;170;169;169;170;;
Autorização;76535764000143;PR;OI;Grande Porte;OI;1439;1442;1381;1501;1456;1516;1394;1319;1318;1356;1385;1415;1444;1504;1530;1531;1556;1526;1526;1555;1554;1544;1544;1544;1559;1559;1439;1439;1439;1439;9236;1410;1500;1500;1500;1500;1477;1397;1329;1329;1442;1437;1437;1437;1437;1426;1456;1456;1576;1576;1546;1456;1456;1486;1546;1576;1576;1576;1576;1586;1556;1556;1626;1626;1626;1806;1806;1836;1806;1806;1836;1896;1896
Autorização;58526690000105;SP;IDT BRASIL TELECOMUNICAÇÕES LTDA.;Pequeno Porte;OUTROS;586;596;607;611;619;618;634;636;653;643;648;658;692;676;671;675;676;682;690;695;684;692;697;698;690;693;693;695;702;695;690;689;684;678;675;678;669;672;669;667;669;671;671;667;665;663;659;659;660;662;664;661;664;658;655;664;663;656;654;654;650;657;639;639;637;643;640;640;640;636;632;627;625
Autorização;01371416000189;PR;PREFEITURA DE LONDRINA/COPEL;Pequeno Porte;PREFEITURA DE LONDRINA/COPEL;7214;7316;7470;7549;7744;7953;8238;8393;8477;8677;8733;8901;9068;9306;9452;9734;10058;10644;11141;11424;11369;11935;12245;12576;12931;13489;13938;14470;14819;15209;15462;15662;15812;16320;16743;17237;18114;18805;19160;19708;20087;20449;20843;21106;21430;22789;22995;23602;23883;24247;24782;24844;24897;26687;26821;26905;27155;27298;27572;26848;27081;27427;29535;29806;30379;30615;30812;31056;31435;31479;31748;31863;31901
Autorização;72843212000141;MG;Cirion Technologies do Brasil Ltda;Pequeno Porte;OUTROS;74;74;74;74;74;74;74;74;74;74;74;74;74;74;74;74;74;74;74;74;74;74;74;74;74;74;74;74;74;74;74;74;74;74;74;74;74;74;74;;74;74;74;74;74;74;74;104;74;74;74;74;;74;74;74;74;74;74;74;74;74;74;74;74;74;74;74;74;74;60;60;60
Autorização;72843212000141;PR;Cirion Technologies do Brasil Ltda;Pequeno Porte;OUTROS;451;451;451;451;451;571;571;571;571;571;571;571;631;631;661;721;810;810;810;840;870;870;900;949;999;999;999;999;999;1029;999;999;999;1029;1029;1029;1029;1029;1029;;1089;1089;1089;1089;1089;1089;1089;1149;1089;1089;1089;1089;;1089;1089;1089;1089;1089;1089;1089;1149;1209;1209;1209;1209;1209;1209;1299;1299;1299;600;600;600
Autorização;72843212000141;RJ;Cirion Technologies do Brasil Ltda;Pequeno Porte;OUTROS;349;349;349;349;349;349;349;349;349;349;349;349;439;439;469;529;630;630;630;660;690;720;720;709;780;803;803;803;803;803;803;803;803;833;833;833;833;833;833;;895;895;895;895;895;895;895;985;895;895;895;895;;895;945;945;945;945;945;945;975;1005;1005;1005;1005;1005;1005;1065;1155;1155;1620;1620;1620
Autorização;72843212000141;SP;Cirion Technologies do Brasil Ltda;Pequeno Porte;OUTROS;1387;1387;1387;1387;1447;1657;1657;1657;1657;1657;1657;1657;1777;1777;1807;1897;2070;2070;2070;2130;2160;2190;2220;2318;2366;2816;2816;2846;2846;2876;2846;2846;2846;2906;2966;2966;3116;3116;3116;;3147;3147;3147;3147;3147;3147;3147;3207;3147;3147;3327;3327;;3327;3387;3387;3387;3387;3387;3387;3447;3507;3507;3507;3507;3507;3507;3597;3687;3687;4590;4590;4590
Autorização;02421421000111;AC;TIM;Grande Porte;TELECOM ITALIA;755;774;776;767;773;777;778;766;765;735;743;790;800;826;846;853;872;900;901;914;921;955;943;1070;1087;1161;1222;1212;1214;1214;1255;1242;1276;1275;1278;1282;1278;1278;1314;1320;1332;1318;1314;1312;1048;1053;1056;1054;1053;1052;1050;1050;945;944;944;944;945;958;1010;1009;1007;1005;997;992;991;995;991;894;891;920;912;911;904
Autorização;02421421000111;AL;TIM;Grande Porte;TELECOM ITALIA;785;804;806;797;803;807;808;796;795;765;773;820;830;856;876;883;902;930;931;944;951;985;1033;1100;1117;1191;1252;1242;1244;1244;1384;1371;1375;1374;1377;1381;1377;1377;1413;1419;1431;1417;1413;1411;1147;1152;1125;1123;1122;1121;1119;1119;1014;1013;1013;1013;1014;1057;1109;1108;1106;1104;1096;1091;1090;1094;1090;993;990;989;981;980;973
Autorização;02421421000111;AP;TIM;Grande Porte;TELECOM ITALIA;755;774;776;767;773;777;778;766;765;735;743;790;800;826;846;853;872;900;901;914;921;955;1003;1070;1087;1161;1222;1212;1214;1214;1255;1242;1246;1245;1248;1252;1248;1248;1284;1290;1302;1288;1284;1282;1018;1023;996;994;993;992;990;990;885;884;884;884;885;898;950;949;947;945;937;932;931;935;931;834;831;830;822;821;814
Autorização;02421421000111;AM;TIM;Grande Porte;TELECOM ITALIA;755;774;776;767;773;777;778;766;765;735;743;790;800;826;846;853;872;900;901;914;921;955;1003;1070;1087;1161;1222;1212;1214;1214;1255;1242;1246;1245;1248;1252;1248;1248;1284;1290;1302;1288;1284;1282;1018;1023;996;994;993;992;990;990;885;884;884;884;885;898;950;949;947;945;937;932;931;935;931;834;831;830;822;821;814
Autorização;02421421000111;BA;TIM;Grande Porte;TELECOM ITALIA;2985;3042;3048;3021;3039;3051;3114;3137;3134;3014;3068;3239;3299;3287;3377;3428;3515;3599;3602;3671;3722;3824;3968;4229;4250;4502;4685;4655;4811;4811;4874;4835;4847;4844;4823;4835;4823;4793;4961;4979;5015;4913;4961;4955;4163;4178;4127;4121;4148;4085;4169;4169;3854;3851;3851;3851;3854;4043;4379;4316;4250;4184;4160;4145;4082;4184;4172;3731;3693;3690;3666;3633;3612
Autorização;02421421000111;CE;TIM;Grande Porte;TELECOM ITALIA;1385;1434;1466;1487;1553;1587;1588;1576;1665;1635;1643;1690;1700;1756;1806;1813;1832;1860;1861;1874;2001;2035;2083;2372;2389;2403;2434;2424;2246;2246;2257;2244;2248;2247;2280;2344;2370;2370;2436;2442;2454;2440;2496;2494;2200;2235;2208;2236;2265;2144;2172;2172;2127;2126;2276;2396;2457;2740;3122;3181;3209;3237;3139;3134;3133;3287;3253;3156;3153;3182;3054;2933;2836
Autorização;02421421000111;DF;TIM;Grande Porte;TELECOM ITALIA;1085;1104;1106;1097;1103;1167;1138;1126;1125;1095;1103;1180;1250;1306;1326;1333;1352;1380;1381;1424;1431;1467;1515;1582;1599;1553;1644;1634;1606;1576;1617;1874;1937;2537;2870;3174;3170;3200;2965;2941;2953;2999;3146;3143;3509;3454;3247;3305;3305;3304;3332;3332;3286;3405;3975;4186;4186;5100;5691;5781;5689;5687;5709;5703;6123;6366;6392;6205;6202;6201;6254;6223;6065
Autorização;02421421000111;ES;TIM;Grande Porte;TELECOM ITALIA;879;898;900;891;867;870;902;890;918;859;893;944;954;980;1000;1007;1026;1084;1085;2;2;1139;1187;1254;1271;1345;1376;1366;1368;1368;1409;1396;1400;1399;1402;1406;1372;1372;1407;1413;1426;1412;1408;1406;1142;1147;1120;1118;1117;1116;1114;1114;1009;1008;978;978;979;992;1044;1043;1041;1039;1031;1026;1025;1029;1025;928;924;924;916;915;878
Autorização;02421421000111;GO;TIM;Grande Porte;TELECOM ITALIA;875;894;926;917;923;957;958;946;945;915;923;970;980;1006;1026;1003;1022;990;1051;1064;1071;1105;1153;1220;1237;1311;1372;1362;1364;1364;1405;1392;1396;1395;1398;1402;1398;1338;1374;1380;1662;1648;1644;1672;1408;1413;1416;1414;1413;1412;1410;1410;1305;1304;1304;1304;1305;1318;1370;1369;1367;1365;1357;1352;1291;1325;1321;1224;1221;1220;1182;1181;1174
Autorização;02421421000111;MA;TIM;Grande Porte;TELECOM ITALIA;815;834;866;857;863;867;868;856;855;825;833;880;890;916;936;943;962;990;1051;1004;1011;1045;1093;1190;1207;1281;1312;1302;1304;1304;1345;1362;1366;1365;1368;1372;1368;1368;1404;1410;1422;1408;1404;1402;1138;1143;1116;1114;1113;1112;1110;1110;1005;1004;1004;1004;1005;1018;1070;1069;1067;1065;1057;1052;1051;1055;1051;954;951;950;942;941;934
Autorização;02421421000111;MT;TIM;Grande Porte;TELECOM ITALIA;755;774;776;767;773;777;778;766;765;735;743;790;800;826;846;853;872;900;901;914;921;955;943;1070;1087;1161;1222;1212;1214;1214;1255;1242;1246;1245;1248;1252;1248;1248;1284;1290;1302;1288;1284;1282;1018;1023;936;934;993;992;930;930;885;884;884;884;885;898;950;949;947;945;937;932;931;935;931;834;831;830;822;821;814
Autorização;02421421000111;MS;TIM;Grande Porte;TELECOM ITALIA;755;774;776;767;773;777;778;766;765;735;743;790;800;826;846;853;872;900;901;914;921;955;943;1070;1087;1161;1222;1212;1214;1214;1255;1242;1246;1245;1248;1252;1248;1248;1284;1290;1302;1288;1284;1282;1018;1023;996;994;993;992;930;930;885;884;884;884;885;898;950;949;947;945;937;932;931;935;931;834;831;830;822;821;814
Autorização;02421421000111;MG;TIM;Grande Porte;TELECOM ITALIA;4244;4350;4358;4322;4346;4422;4396;4492;4518;4399;4461;4679;4719;4853;4933;4960;5066;5179;5153;5175;5202;5308;5500;5769;5807;6103;6347;6337;6405;6435;6599;6607;6922;6859;6901;6887;7141;7231;7524;7548;7296;7240;7315;7276;6250;6270;6192;6184;6181;6237;6289;6289;5958;6254;6464;6675;6708;7031;7449;7315;7557;7549;7667;7646;7493;8079;8362;7674;7284;7280;7188;7274;7246
Autorização;02421421000111;PA;TIM;Grande Porte;TELECOM ITALIA;785;804;806;797;803;807;808;826;825;795;803;850;860;886;906;913;932;960;961;974;981;1015;1063;1130;1147;1221;1282;1332;1274;1274;1315;1302;1306;1305;1308;1312;1308;1308;1344;1350;1362;1348;1344;1342;1048;1053;1026;1024;1023;1022;1020;1020;975;974;974;974;975;988;1040;1039;1037;1035;1027;1022;991;995;991;894;891;890;882;881;874
Autorização;02421421000111;PB;TIM;Grande Porte;TELECOM ITALIA;785;804;806;797;803;807;808;796;795;765;803;850;860;886;906;913;932;960;961;974;981;1015;1063;1130;1147;1221;1282;1272;1274;1274;1315;1302;1306;1305;1308;1312;1308;1308;1344;1350;1362;1348;1344;1342;1078;1083;1056;1054;1053;1052;1050;1050;945;944;944;944;945;958;1010;1009;1007;1005;997;992;991;995;991;894;891;890;882;881;874
Autorização;02421421000111;PR;TIM;Grande Porte;TELECOM ITALIA;3380;3486;3524;3488;3632;3678;3652;3724;3690;3570;3632;3850;3890;4024;4104;4132;4238;4290;4294;4466;4494;4720;4912;5210;5278;5124;5398;5298;5276;5276;5440;5388;5434;5580;5592;5638;5622;5652;5796;5820;6078;6052;6066;6058;5032;5052;4974;4996;5022;5078;5310;5310;5010;5006;5306;5306;5310;5722;5990;5986;5948;5970;5908;5888;5944;5960;5944;5526;5454;5450;5358;5234;5236
Autorização;02421421000111;PE;TIM;Grande Porte;TELECOM ITALIA;1115;1224;1256;1247;1253;1437;1378;1366;1335;1305;1643;1690;1970;1966;1866;1873;1982;2010;2011;2024;1881;1915;1963;2060;2077;2181;2242;2232;2174;2174;2215;2232;2236;2325;2517;2641;2637;2637;2673;2679;2691;2677;2673;2671;2437;2502;2475;2473;2292;2291;2349;2409;2364;2363;2453;2483;2514;2626;2678;2557;2555;2433;2455;2450;2389;2393;2389;2292;2001;2000;1992;1931;1894
Autorização;02421421000111;PI;TIM;Grande Porte;TELECOM ITALIA;755;774;776;767;773;777;778;766;765;735;743;790;800;826;846;853;872;900;901;914;921;955;1003;1070;1087;1161;1222;1212;1214;1214;1255;1242;1246;1245;1248;1252;1248;1248;1284;1290;1302;1288;1284;1282;1018;1023;996;994;993;992;990;990;885;884;884;884;885;898;950;949;947;945;937;932;931;935;931;834;831;830;822;821;814
Autorização;02421421000111;RJ;TIM;Grande Porte;TELECOM ITALIA;6197;6464;6619;6622;6551;6592;6596;7044;7161;7191;8175;8516;8726;8774;8925;8975;9122;10407;10349;10748;11039;11291;11645;11996;12287;12570;13082;13202;13268;13238;13451;13562;13694;13781;13791;13832;13821;13971;14198;14546;15242;15350;16298;16802;18650;18965;18974;19388;19505;19592;19886;20337;20111;20798;21278;22298;23081;25070;25766;26324;26528;26447;27443;27427;28385;28786;27787;27844;27715;27652;27389;27266;27064
Autorização;02421421000111;RN;TIM;Grande Porte;TELECOM ITALIA;785;804;806;797;803;807;808;796;795;765;773;820;830;886;876;883;902;930;931;944;951;985;1033;1100;1117;1191;1282;1272;1274;1274;1315;1302;1306;1305;1308;1312;1308;1308;1344;1350;1362;1348;1344;1372;1108;1113;1086;1084;1083;1082;1080;1080;975;944;974;1004;1035;1078;1130;1129;1127;1125;1117;1112;1141;1115;1111;1044;1041;1010;972;971;934
Autorização;02421421000111;RS;TIM;Grande Porte;TELECOM ITALIA;2020;2088;2092;2074;2086;2154;2156;2192;2220;2190;2236;2390;2500;2552;2622;2666;2704;2790;2792;2818;2892;2840;2876;3070;3134;3282;3464;3474;3508;3658;3800;3774;3782;3750;3786;3824;3816;3906;4038;4050;4258;4230;4222;4308;3780;3790;3766;3762;3820;3938;3934;3994;3784;3782;3782;3782;3814;3870;3944;3972;3908;3844;3798;3788;3786;3824;3726;3412;3375;3404;3388;3386;3372
Autorização;02421421000111;RO;TIM;Grande Porte;TELECOM ITALIA;755;774;776;767;773;777;778;766;765;735;743;790;800;826;846;853;872;900;901;914;921;955;943;1070;1087;1161;1222;1212;1214;1214;1255;1242;1246;1245;1248;1252;1248;1248;1284;1290;1302;1288;1284;1282;1018;1023;996;994;993;992;990;990;885;884;884;884;885;898;950;949;947;945;937;932;931;935;931;834;831;830;822;821;814
Autorização;02421421000111;RR;TIM;Grande Porte;TELECOM ITALIA;755;774;776;767;773;777;778;766;765;735;743;790;800;826;846;853;872;900;901;914;921;955;1003;1070;1087;1161;1222;1212;1214;1214;1255;1242;1246;1245;1248;1252;1248;1248;1284;1290;1302;1288;1284;1282;1018;1023;996;994;993;992;990;990;885;884;884;884;885;898;950;949;947;945;937;932;931;935;931;834;831;830;822;821;814
Autorização;02421421000111;SC;TIM;Grande Porte;TELECOM ITALIA;1750;1788;1792;1774;1786;1824;1826;2302;2450;2390;2436;2500;2520;2572;2582;2716;2754;2810;2812;2958;2972;3280;3376;3300;3334;3482;3604;3584;3558;3558;3640;3614;3622;3620;3626;3634;3626;3656;3728;3800;3824;3826;3848;3844;3256;3416;3362;3388;3386;3174;3170;3050;2720;2718;2808;2808;2810;2926;3060;3088;3054;3020;2944;2934;2812;2820;2842;2588;2322;2320;2274;2272;2258
Autorização;02421421000111;SP;TIM;Grande Porte;TELECOM ITALIA;15146;16220;16450;16516;16553;16996;17363;17815;18559;18920;19958;20750;20899;21896;22856;23197;24001;24650;26755;27373;27715;27949;29017;30440;31172;31346;32408;33098;34039;34249;34856;35039;35378;36569;36987;36906;37634;38886;40609;42389;43051;43159;44241;45494;45282;46002;47466;48937;49750;50794;52255;52013;51292;51626;53186;58027;59952;60420;66674;67778;68937;68325;69087;69056;71390;74186;72782;71060;70239;69466;66291;65415;64592
Autorização;02421421000111;SE;TIM;Grande Porte;TELECOM ITALIA;815;834;806;797;803;807;808;796;795;765;773;820;830;856;876;883;902;930;931;944;951;985;1033;1100;1117;1191;1252;1242;1244;1244;1285;1272;1276;1275;1278;1282;1278;1278;1314;1320;1332;1318;1314;1312;1048;1053;1026;1024;1023;1022;1020;1020;915;914;914;914;915;928;980;979;977;975;967;962;991;995;991;924;921;920;912;881;874
Autorização;02421421000111;TO;TIM;Grande Porte;TELECOM ITALIA;755;774;776;767;773;777;778;766;765;735;743;790;800;826;846;853;872;900;901;914;921;955;943;1070;1087;1161;1222;1212;1214;1214;1255;1242;1276;1275;1278;1282;1278;1278;1314;1320;1332;1318;1314;1312;1048;1053;1026;1024;1023;1022;1020;1020;915;914;914;914;915;928;980;979;977;975;967;962;961;965;961;864;861;860;852;851;844
Autorização;71208516000174;DF;ALGAR (CTBC TELECOM);Pequeno Porte;ALGAR (CTBC TELECOM);93;97;204;309;412;534;537;574;613;657;797;777;791;762;744;738;853;855;910;1209;1027;1059;1061;1065;1068;1970;2044;2044;2356;2363;2374;2380;2280;2271;2257;2352;2144;2186;2134;2178;2102;2105;2091;2121;2154;2128;2189;2407;2405;2496;2529;2382;2362;2360;2363;2368;2398;2425;2427;2554;2718;2668;2697;2693;2730;2728;2758;2758;2756;3029;3026;3057;3121
Autorização;71208516000174;GO;ALGAR (CTBC TELECOM);Pequeno Porte;ALGAR (CTBC TELECOM);90;90;90;90;90;90;90;92;122;122;222;222;352;353;353;353;360;360;660;659;659;659;659;659;661;661;660;660;660;50;51;768;768;675;773;769;51;672;702;703;604;604;51;605;51;51;755;754;755;955;955;955;956;958;958;960;960;960;960;961;961;961;961;791;791;792;3723;792;792;792;792;797;797
Autorização;71208516000174;MG;ALGAR (CTBC TELECOM);Pequeno Porte;ALGAR (CTBC TELECOM);5089;5482;5839;6233;6843;7196;8208;9487;9858;10401;11183;11541;12934;13749;14200;14910;14833;15221;15604;15805;16333;16430;16847;16403;17577;18699;19527;20427;22821;23540;24260;24616;24809;24905;25056;24766;23715;23359;22408;22663;22628;22939;23124;23338;23502;23855;23812;23660;23669;23787;23841;23356;23328;23321;25288;27139;28623;30727;31974;33549;34729;36226;37340;38208;38360;39685;41099;43004;43600;45059;46498;48333;30546
Autorização;71208516000174;PR;ALGAR (CTBC TELECOM);Pequeno Porte;ALGAR (CTBC TELECOM);11;16;20;22;23;28;137;151;152;157;165;266;269;271;273;306;314;417;618;615;715;848;1048;1248;1529;2680;2784;3464;3950;3876;4392;5096;5236;4881;4350;4470;4273;3766;3735;3751;3691;3812;3829;3697;4030;4330;4213;4369;4304;4516;4578;4746;4906;4700;4838;4779;4870;4833;4834;4823;4823;4791;4880;4949;5018;5020;5048;5375;5461;5506;5714;6257;6472
Autorização;71208516000174;RJ;ALGAR (CTBC TELECOM);Pequeno Porte;ALGAR (CTBC TELECOM);1726;1751;1764;2053;2465;2505;2697;3838;3875;4018;5051;5110;5780;5871;6003;6270;6715;7138;7317;8610;8587;8589;8968;9369;9421;9800;9863;9991;10016;10086;9912;9897;9901;10001;10189;10289;10406;10428;10656;11657;11575;11348;11669;11754;11759;11689;10616;10501;10519;10521;9439;9412;9335;9477;9033;7408;7439;7439;7469;7552;7580;7518;7556;7584;7708;7811;7868;7578;7564;7407;7436;7556;7934
Autorização;71208516000174;SP;ALGAR (CTBC TELECOM);Pequeno Porte;ALGAR (CTBC TELECOM);7698;7988;9383;10139;12204;13854;15789;17284;18871;20361;21736;22512;24623;26184;27582;28201;29417;31009;31892;32649;33320;34161;36139;37088;39001;43252;47769;50227;55197;58557;61899;63389;65376;64181;63681;61635;58788;58637;58000;57568;57984;58393;58279;57799;58988;59569;60069;61271;61693;62989;64134;64948;65394;65422;64517;64885;65488;66147;66840;67585;67978;68979;70003;70619;72324;73594;74546;75327;74714;75697;77883;79783;82329
Autorização;02558157000162;ES;VIVO;Grande Porte;TELEFÔNICA;;;30;90;120;120;180;180;180;180;180;210;210;300;300;330;390;420;464;649;649;1020;;1056;1086;1056;994;994;871;871;;902;902;872;812;813;782;782;813;752;752;783;783;752;752;752;752;752;753;568;507;476;443;443;443;443;473;473;473;472;472;472;472;441;441;441;441;441;441;441;441;441;379
Autorização;02558157000162;PR;VIVO;Grande Porte;TELEFÔNICA;;870;930;1050;1080;1080;1200;1380;1410;1650;1710;1890;1920;1920;1800;2160;2370;2550;2754;2785;2816;2943;3067;3161;3137;3168;3171;3208;3303;3303;;3058;3063;3063;3032;3002;2940;2879;2817;2816;2753;2753;2691;2567;2567;2445;2445;2444;2444;2444;2537;2476;2351;2351;2351;2351;2352;2321;2196;2196;2196;2196;2237;2139;2109;2078;2078;2049;2110;2110;2110;2049;1649
Autorização;02558157000162;RJ;VIVO;Grande Porte;TELEFÔNICA;;2700;3060;3840;4140;4230;4470;4980;5100;5490;5940;6210;6825;6315;7065;7995;8100;8123;8450;8790;9976;10465;10663;10768;10955;11076;11489;11679;11661;11661;;11996;12095;12312;12191;11982;12404;12440;12353;12234;12873;12903;12118;11766;11831;11615;11583;11520;11614;11584;11307;11000;10880;10850;10851;10822;10825;10825;10732;10733;10734;10674;10674;9680;9711;9681;9742;9834;9736;9707;9586;9337;9027
Autorização;02558157000162;RS;VIVO;Grande Porte;TELEFÔNICA;;360;360;450;630;630;660;840;870;1020;1080;1260;1500;1380;1380;1500;1560;1560;1604;1852;1945;2039;2224;2378;2598;2629;2634;2636;2700;2700;;2856;2918;2918;2918;3009;3016;2988;2899;2933;2939;2972;3003;2821;2851;2729;2636;2364;2364;2364;2489;2427;2394;2363;2332;2332;2332;2363;2210;2148;2118;2088;2088;1930;1931;1991;1991;1993;1995;1934;1934;1871;1868
Autorização;02558157000162;SP;VIVO;Grande Porte;TELEFÔNICA;;;;;;;;;170;170;170;170;170;170;160;170;170;170;170;170;170;170;170;170;170;170;170;170;170;170;;170;170;170;170;170;170;170;170;170;170;170;220;220;230;230;230;260;290;290;290;290;290;290;;290;290;320;320;320;440;440;470;470;470;472;470;470;470;470;470;470;470
Autorização;39495486000111;RJ;DATORA;Pequeno Porte;DATORA;528;521;484;485;427;472;437;417;457;427;442;427;427;427;427;474;492;474;459;477;477;497;497;497;457;475;497;475;480;457;475;477;457;447;447;466;469;457;458;458;470;470;475;475;555;550;457;507;578;585;583;584;;;;592;587;611;628;645;573;625;636;590;592;592;592;594;594;596;547;596;630
Autorização;01093492000170;MG;SUPORTE TECNOLOGIA E INSTALAÇÕES LTDA;Pequeno Porte;OUTROS;264;279;295;295;300;305;320;322;327;345;342;352;357;363;370;378;375;362;355;317;338;327;331;302;297;294;294;287;287;286;288;283;284;294;301;306;317;312;319;311;316;304;301;298;288;294;306;310;290;301;344;365;372;372;315;342;388;407;412;427;507;;512;555;578;580;652;693;705;754;804;834;935
Autorização;26059394000147;BA;ENGEVOX TELECOMUNICAÇÕES LTDA;Pequeno Porte;OUTROS;1792;1834;1834;1874;1912;1905;1906;1903;1866;1941;1955;1937;1943;1954;1969;2005;2026;2029;2061;2085;2123;2125;2200;2014;2151;2199;2158;2135;2070;2092;2068;2165;2146;2138;2244;2230;2216;2219;2227;2274;2269;2252;2236;2232;2269;2244;2216;2224;2264;2294;2327;2326;2334;2413;2408;2368;2352;2334;2290;2286;2372;2431;2508;2447;2428;2403;2389;2376;2368;2383;2376;2381;2429
Autorização;26059394000147;MG;ENGEVOX TELECOMUNICAÇÕES LTDA;Pequeno Porte;OUTROS;786;786;786;786;786;786;786;786;786;786;986;786;786;786;786;786;786;786;786;786;786;786;786;786;786;786;786;786;786;786;786;786;786;786;786;786;786;786;786;786;786;786;786;786;786;786;786;786;786;786;786;786;786;786;786;786;786;786;786;786;786;786;786;786;786;786;786;786;786;786;786;786;786
Autorização;33000118000179;DF;OI;Grande Porte;OI;390;390;210;270;270;270;270;270;226;256;262;310;310;;370;370;370;370;370;1212;1212;1212;1212;1212;1212;1212;1240;1240;1270;1270;1270;1270;1250;1250;1250;1250;1170;1170;1170;1140;1140;1140;1140;1140;1110;1080;1080;1080;1020;1020;990;990;990;990;990;990;990;990;990;990;990;990;960;960;960;960;960;960;960;960;960;960;960
Autorização;33000118000179;GO;OI;Grande Porte;OI;120;120;60;60;60;60;60;60;40;40;55;85;85;;119;149;149;149;149;148;148;148;148;148;178;178;178;178;178;178;178;178;178;178;178;178;178;178;178;118;88;88;88;88;89;89;89;89;89;89;89;89;89;89;89;89;89;89;89;89;89;89;89;89;89;89;89;89;89;89;89;89;89
Autorização;33000118000179;PR;OI;Grande Porte;OI;270;270;180;180;180;180;180;180;219;219;235;297;297;;351;291;381;381;381;430;430;430;430;460;490;490;729;729;736;736;736;736;766;796;796;796;766;766;766;736;646;646;646;646;646;646;646;646;406;406;406;406;406;406;406;406;406;406;406;406;406;406;406;406;214;214;214;214;214;214;214;214;214
Autorização;33000118000179;RS;OI;Grande Porte;OI;1200;1200;510;510;510;510;510;540;401;401;394;420;420;351;515;515;515;515;515;549;549;579;609;609;609;639;727;727;727;727;727;727;727;697;697;697;667;667;667;667;607;607;577;577;577;397;367;307;247;247;247;247;247;247;247;247;247;247;247;247;247;247;247;247;130;130;130;130;130;130;130;130;130
Autorização;33000118000179;SC;OI;Grande Porte;OI;150;150;30;60;60;60;60;60;93;93;96;92;92;119;100;100;100;100;100;100;100;100;100;100;100;100;99;99;99;99;99;99;99;99;99;99;99;99;99;69;69;69;39;39;39;39;39;39;39;39;39;39;39;39;39;39;39;39;39;39;39;39;39;39;39;39;39;39;39;39;39;39;39
Autorização;33000118000179;SP;OI;Grande Porte;OI;21240;21360;21930;22170;22320;23250;23880;24450;11449;11839;11487;11917;11917;12827;12747;13077;13017;13017;13017;14898;15378;15408;15620;15590;17180;17300;20109;20829;22429;22849;23239;23239;23689;26029;26089;29719;30589;30949;30919;33529;35089;36229;36439;36499;36949;38270;38870;39050;39140;39740;40130;41300;43670;52700;54710;57710;58911;59751;61551;63501;64941;69171;70011;74568;78924;85276;95210;97441;99695;103682;110098;110424;111206
Autorização;04206050000180;AC;TIM;Grande Porte;TELECOM ITALIA;;;;;;;;35;72;99;131;264;474;583;585;567;680;600;558;531;519;516;492;517;504;501;491;484;480;466;449;430;397;370;363;412;420;427;426;429;435;442;446;446;457;462;562;561;564;567;575;582;591;594;601;609;572;582;586;543;551;374;375;378;378;381;387;382;382;379;376;376;376
Autorização;04206050000180;AL;TIM;Grande Porte;TELECOM ITALIA;;;;;;;;477;940;1196;1275;1342;1293;1217;1122;1120;1167;1190;1606;1810;2013;2360;2629;3226;3301;3463;3622;3692;4030;4072;4080;4066;4064;4021;4067;4863;4930;5119;5283;5504;5676;5877;5968;6657;6804;6914;7058;7233;7291;7304;7672;7818;7839;7859;7948;9019;8915;8887;8154;8305;8261;8226;8242;8407;8430;7484;6769;7080;7073;7078;7067;7055;7044
Autorização;04206050000180;AP;TIM;Grande Porte;TELECOM ITALIA;;;;;;;;53;154;222;277;301;284;280;263;278;312;327;414;554;599;630;637;791;820;811;849;844;815;850;834;824;804;797;788;797;801;877;859;880;880;884;884;887;885;893;890;760;753;751;760;766;765;774;827;828;801;568;563;519;518;517;517;516;565;562;558;476;475;475;471;468;465
Autorização;04206050000180;AM;TIM;Grande Porte;TELECOM ITALIA;;;;;;;;1037;1914;2439;2649;2895;2717;2606;2535;2517;2648;2855;3185;3572;3871;4293;4431;4594;4824;4841;4825;4823;4716;4541;4486;4273;3891;3683;3538;3959;3959;4332;4295;4755;4790;4805;4795;4778;4761;4765;5749;5894;5873;5223;5124;5548;6600;6580;6563;6507;6267;6281;5822;5814;5823;5827;5811;5795;5802;6283;6284;6267;6253;6243;6245;6251;6245
Autorização;04206050000180;BA;TIM;Grande Porte;TELECOM ITALIA;;;;;;;;2810;5300;6604;7260;7979;7842;7480;7379;7648;8436;8746;8980;10165;10225;10407;10489;10804;11411;11636;12178;13180;13539;13758;14541;14342;13818;14234;14958;15935;16596;17603;18048;18940;19781;20840;21859;23127;23873;24397;24997;25433;25825;26493;29434;30491;31557;31753;32034;32311;31676;30993;30815;30562;30069;30013;30040;30131;30149;30149;30274;30198;30185;30291;30409;30527;30505
Autorização;04206050000180;CE;TIM;Grande Porte;TELECOM ITALIA;;;;;;;;1599;2570;3211;3466;3786;3593;3436;3301;3289;3512;3554;4207;4427;4699;5252;5973;6312;7472;7937;8650;9183;9480;9598;9812;9769;10332;10223;11018;11062;11110;11434;11502;11857;11999;12588;12696;12896;12987;13078;13116;13279;13990;13975;14289;14732;15630;16375;16444;18211;17960;17886;18789;19740;20364;20871;21864;21818;21767;19528;17888;18752;18733;18726;18700;18697;18651
Autorização;04206050000180;DF;TIM;Grande Porte;TELECOM ITALIA;;;;;;;;1643;2677;3461;3791;4190;4281;4333;4648;4763;5708;5870;6036;8015;9153;9741;10175;10572;9423;8780;9196;9431;9591;9542;9537;9350;9059;8900;8937;9309;9170;9516;9959;10601;11197;11879;12600;13224;13685;14143;14433;14818;15345;15602;15979;16235;16419;16552;16608;16677;16353;16347;16243;15959;15986;16043;16002;16100;16040;15992;15956;15527;15523;15569;15548;15551;15460
Autorização;04206050000180;ES;TIM;Grande Porte;TELECOM ITALIA;;;;;;;;1496;2225;2865;3287;3573;3321;3143;3101;3270;3774;3961;4208;4395;4790;4997;5039;5032;4914;4845;4826;5068;4961;4819;4700;4494;4225;4014;3795;3715;3648;3674;3631;3739;3763;3788;3768;3760;3790;3838;3861;3885;3923;3948;3976;3827;3849;3869;3896;3950;3601;3543;3257;3209;3279;3342;3356;3392;3444;3399;3395;3389;3397;3393;3370;3355;3341
Autorização;04206050000180;GO;TIM;Grande Porte;TELECOM ITALIA;;;;;;;;881;1710;2241;2533;2848;2817;2959;3705;3855;4711;4945;4972;5097;5384;5689;5871;6008;6023;5996;6394;6705;6966;7008;6960;6762;6547;6472;6480;6901;7132;7679;8175;8735;9103;9631;10128;10625;11027;11653;11906;12255;12212;12296;12398;12472;12738;12713;12732;12793;12409;12504;12511;12138;12046;12071;12041;12063;12045;11879;11781;11414;11398;11410;11412;11385;11340
Autorização;04206050000180;MA;TIM;Grande Porte;TELECOM ITALIA;;;;;;;;229;419;633;844;969;965;995;947;931;1075;1149;1569;1708;2036;2390;2547;3063;3372;3480;3680;3893;3843;3914;4154;4048;4627;4786;4735;4793;5473;5533;5567;5524;6128;6157;6168;6778;6768;6784;6778;6790;7372;7349;9611;9606;9736;9729;9725;9732;10640;10049;10046;4547;4559;4556;4544;4502;4482;4456;4469;4345;4343;4226;4214;4215;4198
Autorização;04206050000180;MT;TIM;Grande Porte;TELECOM ITALIA;;;;;;;;128;243;334;373;439;453;466;482;519;751;1004;1220;1349;1435;1548;1593;1654;1693;1903;2191;2392;2412;2372;2343;2222;2291;2209;2165;2354;2423;2479;2513;2577;2626;2628;2667;2725;2769;2808;2856;3224;3251;3303;3402;3461;3496;3535;3312;3306;3212;3243;3227;3259;3318;3332;3330;3314;3303;3300;3306;3283;3278;3283;3292;3306;3276
Autorização;04206050000180;MS;TIM;Grande Porte;TELECOM ITALIA;;;;;;;;169;340;418;462;522;569;532;523;529;792;808;1126;1219;1301;1473;1536;1751;1751;2573;2615;2609;2578;2553;2790;2614;2524;2358;2173;1779;1789;1823;1786;1818;1838;1853;1875;1897;1901;1893;1893;1896;1914;1931;2020;2042;2048;2053;2074;2101;2008;2028;2044;2061;2071;2087;2087;1562;1484;1487;1495;1471;1479;1485;1480;1483;1483
Autorização;04206050000180;MG;TIM;Grande Porte;TELECOM ITALIA;;;;;;;;5522;9790;14137;16104;17880;17448;16898;16482;16524;17826;19535;20502;22543;23777;25543;26017;26285;26409;27521;29219;30315;31602;31477;31564;31186;30839;30433;29980;30152;30397;31135;31100;31637;32126;33295;35104;35408;35905;36768;36972;38188;40777;43062;43407;44006;44352;44443;44983;45364;43763;43516;42761;40834;41152;39026;39193;39145;38863;38606;38518;37081;36312;36291;36233;36197;35962
Autorização;04206050000180;PA;TIM;Grande Porte;TELECOM ITALIA;;;;;;;;1467;2443;3074;3488;3842;3562;3279;3141;3067;3422;3619;5044;5306;5630;7018;8036;8349;8775;9446;10133;10433;10625;10909;11564;11369;11757;12002;11879;12393;12932;13268;13498;13762;14625;14661;14749;18295;18141;18112;18810;18445;18550;19991;21108;20800;20880;22266;22281;21145;21334;21356;21464;15524;15747;16164;18430;18397;18140;18314;18803;18967;19283;19259;19237;19226;19161
Autorização;04206050000180;PB;TIM;Grande Porte;TELECOM ITALIA;;;;;;;;305;723;908;930;1008;984;956;941;997;1074;1094;1431;1501;1880;2184;2572;2926;2966;3087;3234;3647;3698;3684;3688;3673;4624;4579;4621;5043;5541;5595;5591;5641;5649;5688;5707;5742;5742;5765;5806;5819;6247;6308;6259;6430;6672;6659;6627;7658;8021;8044;8213;8222;8253;8718;8731;9239;9985;8102;6691;8025;8021;7992;7967;7960;7949
Autorização;04206050000180;PR;TIM;Grande Porte;TELECOM ITALIA;;;;;;;;3296;5480;7210;7939;8615;8229;7845;7532;8167;9939;12364;13920;14454;15860;17499;20039;21525;23003;23804;25272;26967;27710;26641;27977;27643;28010;27769;27034;27742;28997;31068;32960;35509;38254;39703;40847;42020;43945;44787;45473;45760;48132;48520;44624;47515;49033;51488;53045;53555;53433;53654;54935;54300;56731;58898;59189;57965;55117;55272;55899;56056;56353;56408;56657;58269;58278
Autorização;04206050000180;PE;TIM;Grande Porte;TELECOM ITALIA;;;;;;;;2418;3969;5005;5394;5796;5455;5132;4887;4921;5661;6427;6571;6953;7340;7931;8383;9747;11370;12095;13186;13908;14589;14762;14751;14511;14146;13913;15785;15945;15973;16618;16965;18232;18756;19275;20121;20392;20604;20905;21046;21280;21947;22088;22864;22939;22951;23203;23151;26099;25486;26349;25544;25479;25441;24981;23749;23709;23612;23546;23510;23414;23374;23389;23088;23086;23073
Autorização;04206050000180;PI;TIM;Grande Porte;TELECOM ITALIA;;;;;;;;156;317;417;438;457;441;416;375;393;410;425;687;729;985;1027;1359;2029;2033;2049;2114;2156;2171;2168;2185;2376;2456;2471;2538;2752;2798;2853;3026;3770;3795;4149;4181;4212;4245;4283;4304;4362;4392;4400;4592;4832;4862;4865;4887;5289;5610;5644;5643;5667;5689;5684;5688;5675;5666;5646;5640;5634;5621;5618;5602;5600;5600
Autorização;04206050000180;RJ;TIM;Grande Porte;TELECOM ITALIA;;;;;;;;11991;17714;23187;25766;28589;27938;27197;27309;28105;31778;32620;33417;35414;37122;39553;40571;41935;42595;43290;44444;45100;45405;45596;45860;44664;42377;41233;39620;41050;41330;42946;42787;44804;46301;47973;49319;50395;51430;52196;52926;54167;55031;59498;58115;59976;61638;63249;64977;65984;63326;63933;63273;58276;58525;58728;59139;59375;59030;58778;58669;57929;57952;57706;57953;58615;58488
Autorização;04206050000180;RN;TIM;Grande Porte;TELECOM ITALIA;;;;;;;;320;808;1092;1159;1246;1197;1116;1054;1032;1085;1371;1613;1686;1800;2021;2503;3021;3135;3353;3587;3791;3876;3906;3907;3923;3974;4022;4157;5293;5502;5775;6149;6742;6939;7025;7005;7011;6899;6845;6825;6789;7060;7014;7274;7640;8039;8486;8853;10713;10834;11072;10945;10921;10543;10146;10132;9809;9676;7979;6712;7883;7005;7071;7039;7220;7191
Autorização;04206050000180;RS;TIM;Grande Porte;TELECOM ITALIA;;;;;;;;994;1900;2529;2802;3046;2947;3014;2916;2997;3548;4215;6030;7175;7714;8662;10711;11679;12725;13411;13916;15462;15778;15762;15783;15609;15415;15689;15261;15649;16221;16686;17218;17733;17927;17946;18130;19032;19375;20787;20876;20598;20629;21904;19534;19599;19608;19584;18394;18301;19029;22466;22406;17623;17552;18606;18569;14583;14178;13963;13788;13747;13680;12658;12577;12560;12460
Autorização;04206050000180;RO;TIM;Grande Porte;TELECOM ITALIA;;;;;;;;127;320;469;549;676;843;819;806;842;1164;1190;1315;1705;2008;2337;2474;2674;2755;2807;2825;2792;2836;2744;2670;2547;2453;2398;2334;2367;2296;2316;2315;2334;2303;2325;2326;2328;2355;2351;2355;2410;2387;2406;2426;2499;2517;2524;2531;2526;2494;2479;2467;2292;2149;2130;2113;2098;2097;2068;2052;2060;2060;2058;2056;2061;2035
Autorização;04206050000180;RR;TIM;Grande Porte;TELECOM ITALIA;;;;;;;;47;117;158;226;245;249;255;259;255;268;267;299;314;323;369;403;466;491;540;606;611;596;585;575;548;521;501;485;525;542;545;559;582;589;597;589;596;597;592;811;806;801;800;802;797;797;792;829;818;797;791;775;667;659;652;646;643;638;636;644;636;636;635;637;636;635
Autorização;04206050000180;SC;TIM;Grande Porte;TELECOM ITALIA;;;;;;;;1382;2745;3755;4117;4515;4446;4307;4194;4523;5557;6830;7467;7947;9203;10874;12427;14406;14917;15425;16013;16464;16602;16724;16735;16610;16446;16329;16252;16712;17063;17743;18393;19694;20927;21820;22454;23219;23774;24057;24396;24618;25217;25552;25896;24597;25376;25778;25974;25927;25588;25496;25211;20592;21174;21084;21022;20901;20727;20570;20468;19601;19506;19390;19291;19223;19110
Autorização;04206050000180;SP;TIM;Grande Porte;TELECOM ITALIA;;;;;;;;24679;40061;52093;55967;60835;59589;57759;58462;60957;66330;70085;71564;76467;78736;82155;84139;87149;87747;89683;92546;94104;94863;94953;96163;94222;90511;88509;86256;87005;86869;87780;86621;88830;90559;92686;93964;95414;100070;102918;108627;118609;120054;121751;124826;125969;127891;128888;130113;128191;123866;125349;125650;127441;128415;130493;130448;134226;137363;132035;129156;135095;135819;136259;136832;137158;137126
Autorização;04206050000180;SE;TIM;Grande Porte;TELECOM ITALIA;;;;;;;;304;518;648;720;805;756;678;624;605;708;773;915;1026;1054;1054;1042;1079;1109;1139;1395;1442;1449;1430;1411;1394;1569;1577;1777;1859;1894;1464;1498;1572;1616;1655;1695;2026;2055;2080;2111;2129;2130;2123;2516;2549;2582;2600;2612;2643;2610;2644;1618;1651;1684;1699;1694;1706;1705;1698;1691;1682;1677;1669;1661;1661;1654
Autorização;04206050000180;TO;TIM;Grande Porte;TELECOM ITALIA;;;;;;;;67;144;180;202;210;192;179;155;160;251;242;269;287;554;567;605;613;591;602;594;577;569;557;563;563;565;557;588;659;706;735;792;875;935;974;1019;1061;1093;1111;1105;1094;1101;932;946;954;952;963;885;896;865;871;873;879;885;884;885;888;902;908;919;920;912;920;926;932;940
Autorização;02868267000120;MG;TRANSIT DO BRASIL S.A.;Pequeno Porte;OUTROS;2552;2552;2552;2552;2552;2552;2552;2552;2552;1350;2552;2552;2552;2552;2552;2552;2552;2552;2552;2552;2552;2552;2552;2552;2552;2552;2552;2552;2552;2552;2552;2552;2552;2552;2552;2552;2552;2552;2552;2552;2552;7765;7500;7950;7950;9450;20700;21600;21750;9451;20785;6200;6350;6350;6350;2685;2778;2777;6650;6650;6650;6650;6650;6650;6650;6650;6650;6650;6650;6650;5750;5750;5750
Autorização;02868267000120;PR;TRANSIT DO BRASIL S.A.;Pequeno Porte;OUTROS;3046;3046;3046;3046;3046;3046;3046;3046;3046;3046;3046;3046;3046;3046;3046;3046;3046;3046;3046;3046;3046;3046;3046;3046;3046;3046;3046;3046;3046;3046;3046;3046;3046;3046;3046;3046;3046;3046;3046;3046;3046;7820;8490;12210;12390;12720;14490;20520;21550;12720;21550;11550;11550;11550;11550;3652;3299;3340;11290;11290;10390;10420;9790;9610;9610;9610;9580;9430;9430;9130;9130;9130;9130
Autorização;02868267000120;RJ;TRANSIT DO BRASIL S.A.;Pequeno Porte;OUTROS;6450;6450;6450;6450;6450;6450;6450;6450;6450;6450;6450;6450;6450;6450;6450;6450;6450;6450;6450;6450;6450;6450;6450;6450;6450;6450;6650;6650;6650;6650;6650;6650;6650;6650;6650;6650;6650;6650;6650;6650;6650;8385;9420;14760;14766;17760;17970;17760;17784;17760;22700;14770;15120;15120;15120;6836;6023;6045;14910;14820;14820;14820;14190;14190;13890;13890;13860;13860;13890;13860;13410;11910;11910
Autorização;02868267000120;RS;TRANSIT DO BRASIL S.A.;Pequeno Porte;OUTROS;17850;17850;17850;17850;17850;17850;17850;17850;18007;18007;18007;18007;18007;18007;18007;18007;18007;18007;18007;18007;18007;18007;18007;18007;18007;18007;18007;18007;22483;22483;22483;22483;22483;22483;22483;22483;22483;22483;22483;22483;22483;36234;37170;19020;19173;19020;19920;20970;21121;19022;153268;20519;16458;10794;16458;6721;8073;8115;18686;18648;17940;17934;17021;17032;17019;16756;17043;17527;17488;17477;17470;17465;17456
Autorização;02868267000120;SC;TRANSIT DO BRASIL S.A.;Pequeno Porte;OUTROS;766;766;766;766;766;766;766;766;766;766;766;766;766;766;766;766;766;766;766;766;766;766;766;766;766;766;766;766;766;766;766;766;766;766;766;766;766;766;766;766;766;970;1050;2550;2550;2520;2820;10740;10370;2520;10370;10285;1850;1850;1850;1742;1791;1791;3480;3480;3480;3480;3480;3480;3530;3530;3530;3530;3590;2090;2030;2030;2030
Autorização;02868267000120;SP;TRANSIT DO BRASIL S.A.;Pequeno Porte;OUTROS;60050;60050;60050;60050;60050;60050;60050;60050;60050;60050;60050;60050;60050;60050;60050;60050;60050;60050;60050;60050;60050;60050;60050;60050;60050;63719;63719;63719;63719;63719;63719;63719;63719;63719;63719;64619;63719;63719;63719;63719;63719;99070;93810;98522;93352;91800;93300;105240;104388;102387;80728;80755;70422;70422;71142;31443;37070;38668;126759;127149;119913;120812;112071;103477;103474;106675;107022;107051;109000;97506;104675;90573;94299
Autorização;03593006000108;SP;ALPHA NOBILIS CONSULTORIA E SERVIÇOS LTDA;Pequeno Porte;OUTROS;;;;;;43;43;43;43;42;43;43;41;44;44;40;40;37;38;38;37;40;40;40;39;39;41;43;43;43;52;52;52;52;52;52;52;52;52;;52;52;45;45;47;47;42;41;41;41;35;36;36;34;34;34;34;34;34;36;36;36;34;34;34;34;34;34;34;34;34;34;34
Autorização;33530486000129;AC;CLARO;Grande Porte;TELECOM AMERICAS;1095;1095;1140;1215;1215;1215;1155;1215;1196;1226;1286;1286;1316;1390;1452;1452;1542;1542;1676;1676;1690;1720;1720;1736;1736;1706;1706;1676;1646;1646;1620;1658;1658;1687;1657;1657;1657;1641;1678;1681;1681;1705;1337;1319;1478;1701;1897;1997;2558;9588;13454;13735;14110;13207;13279;13357;13452;13525;13542;13458;13417;13375;13204;13054;13079;13052;12969;12853;12826;12799;12819;12797;12731
Autorização;33530486000129;AL;CLARO;Grande Porte;TELECOM AMERICAS;23546;24414;25565;26369;27026;27283;28193;29105;29667;30618;31296;31600;31745;32040;32602;32733;33588;34571;34188;35445;35690;35402;34972;35150;34671;35932;37079;38106;39303;40487;40966;42131;42776;44832;46093;47643;49058;50187;51988;53711;55367;57238;58362;60029;60944;61227;61920;62839;63660;65165;66439;68100;69498;71958;73330;74664;75866;76699;78387;79804;81421;83359;83362;83065;83102;82979;83917;84849;85616;86990;88552;89311;89321
Autorização;33530486000129;AP;CLARO;Grande Porte;TELECOM AMERICAS;1926;1933;2006;2033;2040;2063;2057;2156;2181;2254;2336;2363;2450;2447;2626;2986;3253;3177;3160;3137;3120;3303;3408;3437;3435;3438;3437;3436;3475;3486;3460;3634;3638;3550;3728;3787;3838;3925;4010;3960;4126;4172;4449;4489;4565;4675;4779;5104;5347;5566;5646;5669;5517;5498;5294;5287;5322;5277;5208;5115;5116;5103;5051;4986;4981;4958;4965;4924;4915;4918;4808;4810;4886
Autorização;33530486000129;AM;CLARO;Grande Porte;TELECOM AMERICAS;39535;40351;40703;40714;40266;39996;40202;40643;41411;43273;43805;48687;51528;55647;59327;62502;64908;68037;69592;71528;72187;72981;74678;75097;75336;76645;77985;77861;78730;78151;75435;77915;78527;83097;84774;85306;86176;88057;90353;91364;92974;95009;97007;98293;99754;101071;103171;104333;105149;107572;107093;108387;108989;111494;113268;114099;115630;117696;120566;121817;123668;125515;126134;126396;126928;128061;128744;129967;130228;130758;129709;129766;130076
Autorização;33530486000129;BA;CLARO;Grande Porte;TELECOM AMERICAS;175255;179900;187726;194659;195689;195501;197985;201655;202800;206863;208550;210196;210898;213043;212322;212414;212853;215969;213074;216990;217934;216759;216564;215073;212971;211322;209942;208606;208407;209978;209823;210400;210615;213417;215139;217375;218883;220640;223388;226985;231577;238424;241563;244721;249064;257575;261907;266494;268174;270765;276457;281603;283450;286227;288230;292397;296572;299787;303685;307464;311678;313894;315634;317561;321992;324860;327143;330114;332358;333887;334661;337519;337496
Autorização;33530486000129;CE;CLARO;Grande Porte;TELECOM AMERICAS;62029;62404;63062;63269;62841;61738;61624;62318;62706;63442;63605;63969;65341;66397;66954;67221;68407;70584;71913;73961;74249;74055;73856;73251;72930;72097;71771;71360;71352;71215;71137;71851;72204;73630;74285;74698;75347;75244;76046;76728;77341;79551;80123;79757;80679;81662;82374;82960;82658;83030;83160;83411;83511;83564;83471;83609;84055;83871;83705;82924;82414;81341;81796;81612;81683;82124;81952;81691;81534;82176;82701;83535;83712
Autorização;33530486000129;DF;CLARO;Grande Porte;TELECOM AMERICAS;49740;52310;56198;58230;60622;62650;64287;66404;69104;71622;72197;79219;83061;88069;92152;97611;102882;106434;108179;112731;116395;120781;123908;126798;128881;130643;133103;131325;129496;129235;125986;129339;130559;135476;136204;136949;138362;141889;144722;147462;149058;150662;151749;153415;155806;157216;158904;160871;162151;164731;165901;167929;168842;171217;172075;173679;175587;178094;180670;182597;184273;186368;187354;187096;189276;191216;192843;195770;198169;201642;204045;208066;209755
Autorização;33530486000129;ES;CLARO;Grande Porte;TELECOM AMERICAS;84603;86286;88372;89600;90720;91498;93585;95265;95862;98054;99499;100752;101378;103049;103832;105265;107136;109404;109876;112041;113636;113560;113406;113349;112528;112140;111577;110460;110618;111187;111398;112438;114062;115419;117577;119898;121703;123581;125689;127057;129096;130958;132105;134210;137305;139180;141448;143757;145888;148348;150093;152352;154028;157201;158754;160623;161921;163489;165208;166838;167224;168415;168743;169390;170681;171095;171627;172484;173241;174440;175581;178073;178935
Autorização;33530486000129;GO;CLARO;Grande Porte;TELECOM AMERICAS;26597;28615;30426;31857;33707;35081;36596;38038;39822;42187;42321;48643;53962;60056;65242;68876;72287;74828;76118;78969;81446;83984;85549;87442;88799;89085;89845;90027;88408;86125;80419;79370;79763;84018;84888;84374;83321;83411;83918;83289;84055;84585;84165;84568;85267;84074;83994;83852;82827;83161;83143;83095;82767;84089;83345;83577;85495;87016;88099;90123;91540;93606;94230;93797;93518;93835;93558;94718;95728;96987;97859;98729;99388
Autorização;33530486000129;MA;CLARO;Grande Porte;TELECOM AMERICAS;18354;18636;19150;19311;19413;19401;19505;19830;20089;20404;20712;20974;21177;21524;22051;22340;22803;23497;23858;24464;24802;25058;25300;25470;25620;25784;26106;25983;26341;26742;26831;27369;27498;28358;28860;29341;29823;30357;31497;31974;33362;34131;34739;35413;36062;36980;37709;38263;38545;39244;41344;42052;42237;41674;41836;41723;41730;42492;44757;46537;47294;48819;50517;51549;52680;54334;55623;57252;58442;59769;61420;62613;63229
Autorização;33530486000129;MT;CLARO;Grande Porte;TELECOM AMERICAS;8565;8805;8892;8949;9199;9393;9333;9604;9568;9586;9979;10212;10451;10662;10800;11000;11169;11288;11440;11460;11523;11607;11658;11643;11462;11300;11292;11166;10976;10965;10935;11371;11371;11455;11616;11836;11934;12189;12162;12276;12226;12396;12539;12697;12885;13174;13477;14115;14861;15412;15971;16819;17973;18900;19768;20926;21749;23027;25242;27327;29782;32647;35774;38547;41823;44578;46730;50759;54430;57222;60211;62382;63690
Autorização;33530486000129;MS;CLARO;Grande Porte;TELECOM AMERICAS;4836;5184;5774;6264;6970;7554;8233;9355;10428;11362;11752;13607;15044;16372;17584;18734;19740;20637;21341;22340;23318;24138;25048;26033;26379;26323;26682;27120;27044;26900;26478;27451;27674;28784;29269;29423;29330;29763;30686;31496;32319;32832;33261;34195;34844;35406;35927;36655;36906;37232;37837;38489;39195;42173;43450;45241;46816;48946;50606;51911;53518;55352;57201;58776;60245;61366;62391;63548;65021;66538;67844;69132;69741
Autorização;33530486000129;MG;CLARO;Grande Porte;TELECOM AMERICAS;222451;228688;235517;241411;247687;249048;251699;255569;260702;268504;269167;283283;291643;301300;310480;318746;326425;335106;337981;348949;360111;368448;375973;383156;388005;393121;396837;398025;398886;401801;398748;405168;407037;417036;422228;428667;430995;438049;446015;453953;463775;473919;482679;491336;503330;509581;521567;533058;540876;548598;554861;560792;564767;577785;581782;588185;592968;597221;601787;607615;610881;613663;616845;621233;633085;637512;643175;649580;653887;662734;670996;682577;687762
Autorização;33530486000129;PA;CLARO;Grande Porte;TELECOM AMERICAS;56917;57604;58255;58155;57874;57316;57676;58723;58910;59664;59861;60425;60811;61344;61718;62464;63261;65287;64920;66118;66868;67124;67255;67118;66705;66385;66287;66065;66418;67387;67777;65863;66343;67306;68036;68908;69966;70452;71580;72595;73760;75024;75861;77059;78519;80492;82618;85274;87912;89658;98783;101436;102925;99925;101172;103302;105602;107608;112360;117959;124543;130497;133755;137677;141224;144382;146259;149382;152876;156270;159252;161699;163054
Autorização;33530486000129;PB;CLARO;Grande Porte;TELECOM AMERICAS;24458;24911;24945;25097;25102;25061;25038;24528;24562;24540;24670;24893;25049;24386;24587;24771;25019;25547;25745;26490;26292;26168;26227;26251;26097;27418;28724;29573;30636;31755;32550;34061;35077;36913;38305;39227;39735;40809;42429;43769;44967;46434;47579;48772;49972;50803;51730;53150;53808;55488;57196;58920;60246;62522;64074;65518;66964;68324;69914;71046;71954;72991;73407;73293;73604;74802;75442;75751;75852;76170;77100;77400;77659
Autorização;33530486000129;PR;CLARO;Grande Porte;TELECOM AMERICAS;77978;81975;86005;89540;94217;98130;100115;104755;109222;113541;115289;125861;134727;143296;152265;159802;167153;172566;175927;182946;190519;198150;202661;205753;206829;207136;209657;208945;208557;207890;196958;201327;201895;216248;214564;213228;212428;214716;218028;220237;221378;223282;221424;223610;226134;227637;229170;230192;228912;230543;232558;233006;234780;242374;243958;246262;250144;253507;257915;261667;263826;267694;269032;271299;274456;276836;278610;282467;285478;290286;293719;298019;300614
Autorização;33530486000129;PE;CLARO;Grande Porte;TELECOM AMERICAS;107640;110310;112840;113936;113934;113417;114406;116711;117591;119829;121243;121862;122239;123508;124081;125397;125859;130136;129973;132894;132184;131264;131332;131110;129984;129703;128928;128492;128166;127749;127022;127216;127256;129946;131522;133361;134307;133881;134818;136158;136998;140099;142485;143645;145736;147806;149085;150568;152258;152736;153926;155479;158061;158963;159755;162862;164573;166865;168578;170145;172115;173114;173594;173280;173791;174797;175454;175996;175632;176361;177317;179614;180068
Autorização;33530486000129;PI;CLARO;Grande Porte;TELECOM AMERICAS;12899;13223;13608;13825;13790;13679;13783;14075;14219;14428;14696;14834;15037;15311;15508;15944;16420;16687;16716;17137;17746;17991;18107;18100;18059;18101;18153;18234;18376;18471;18490;17958;18027;18293;18447;18604;18595;18760;19108;19146;18732;18887;19137;19318;19755;20053;20548;20666;20924;21565;22133;22743;22993;23197;23379;23518;23693;23823;24568;26297;27635;29053;30012;30699;31116;31745;32162;32980;33801;34690;35290;36050;36327
Autorização;33530486000129;RJ;CLARO;Grande Porte;TELECOM AMERICAS;339470;346730;355125;363172;367224;368832;375456;386062;395360;406920;412443;434658;452066;477271;497142;515416;528456;541819;550856;564835;578304;590984;602956;615447;624436;633899;642474;645233;649277;653052;648475;646647;650732;672044;681834;693940;704654;723402;747899;770711;798798;824265;849017;872973;898842;917448;943793;971462;995510;1018353;1036983;1051424;1058586;1080044;1096093;1108774;1122415;1136292;1146697;1168799;1183015;1196709;1210071;1225861;1248795;1268753;1282213;1300347;1314629;1341913;1360427;1389807;1404889
Autorização;33530486000129;RN;CLARO;Grande Porte;TELECOM AMERICAS;28033;28521;29231;29835;29632;29180;29193;29233;29263;29480;29366;29367;29424;29769;29886;30133;30332;31393;31571;32918;32774;32596;32696;32301;32138;31966;31783;31727;31789;31982;32135;32601;32822;33805;34195;34687;35058;35705;36260;36829;37738;38420;39137;39689;40380;41042;41321;41495;41774;42661;44440;45834;47051;47808;48231;49011;49430;50108;50673;51321;52160;53460;56696;60839;63204;65201;66442;68373;70036;72361;73219;74205;74707
Autorização;33530486000129;RS;CLARO;Grande Porte;TELECOM AMERICAS;81329;86043;91093;95675;101217;106439;109795;113878;119065;125688;127591;142671;152393;163869;175230;184495;194070;201535;205861;213544;220865;229036;236997;243625;248061;250457;255055;257739;259312;259223;253425;257292;259152;269433;271312;274398;274252;278859;284929;289406;296002;301328;304577;309516;314148;318639;323203;328750;331633;337729;342685;347040;350276;363129;367359;372292;376176;382825;387209;393592;396751;400539;404727;405339;409289;412651;415090;418947;420878;423699;427131;430549;433013
Autorização;33530486000129;RO;CLARO;Grande Porte;TELECOM AMERICAS;1650;1695;1875;1845;1905;1875;1905;1905;1966;1966;2069;2114;2134;2194;2324;2324;2359;2445;2458;2609;2616;2630;2696;2726;2712;2682;2682;2612;2552;2612;2598;3022;3022;3374;3453;3438;3490;3494;3611;3624;3638;3697;3757;3819;4027;4131;4335;4511;4725;4883;5106;5496;5544;5839;5917;5963;5993;6028;6058;6082;6082;6082;6082;6046;6106;6076;6055;6103;6173;6322;6290;6341;6526
Autorização;33530486000129;RR;CLARO;Grande Porte;TELECOM AMERICAS;2060;2297;2416;2354;2464;2448;2546;2600;2690;2867;3136;3281;3293;3291;3291;3321;3320;3305;3334;3363;3423;3451;3480;3480;3479;3423;3421;3406;3373;3373;3383;3373;3378;3401;3409;3429;3446;3425;3492;3555;3560;3569;3629;3660;3767;3822;3927;4056;4157;4168;4311;4352;4523;4448;4442;4422;4468;4456;4448;4430;4386;4364;4318;4280;4294;4349;4434;4400;4384;4376;4349;4342;4319
Autorização;33530486000129;SC;CLARO;Grande Porte;TELECOM AMERICAS;38332;40370;46547;48412;66179;68538;68550;69572;71608;73832;74433;79545;83486;87650;91562;95468;98748;101047;103545;106469;109146;112208;115332;118427;121165;122371;124542;125450;125901;126666;125741;111777;113187;117877;118912;120123;120594;123258;126392;129529;132961;136024;137591;140566;143849;147267;150384;153563;155758;158829;161518;163561;166758;172976;175893;178884;182460;185564;188333;191907;193651;195890;198286;200262;202326;203139;204842;207792;209902;212265;215259;217104;218076
Autorização;33530486000129;SP;CLARO;Grande Porte;TELECOM AMERICAS;1179920;1231697;1302883;1398704;1480425;1548897;1623603;1708916;1782819;1862507;1913144;2045261;2152050;2289306;2405304;2509436;2602312;2671862;2715470;2775251;2845758;2912256;2972311;3014432;3060180;3108468;3163493;3194062;3223648;3255397;3235808;3233715;3263189;3358367;3391417;3435709;3446527;3499752;3563549;3623558;3681466;3725633;3767489;3825164;3872940;3922138;3967163;4021893;4055585;4106639;4157494;4201814;4230571;4335321;4390885;4446369;4503900;4564350;4625485;4703204;4725763;4795615;4858311;4891510;4955713;5010517;5043853;5091708;5111336;5161280;5190992;5216565;5230481
Autorização;33530486000129;SE;CLARO;Grande Porte;TELECOM AMERICAS;23836;23934;24517;24556;24580;24318;24362;24684;24805;25161;25324;25384;25536;25662;25458;26160;26555;26973;27615;28751;28767;28722;29108;28999;28856;28895;28900;28760;29111;29337;29580;29815;29930;30519;31016;31257;31486;31596;31788;32176;32480;33189;33389;33715;34042;34660;35635;36777;37595;38066;38277;38797;38872;39025;38882;38900;38712;38679;38664;38645;38286;37618;37401;37140;37091;37131;37056;36783;36555;36542;36638;36870;36777
Autorização;33530486000129;TO;CLARO;Grande Porte;TELECOM AMERICAS;1515;1545;1605;1605;1665;1635;1679;1709;1739;1889;1979;2159;2267;2451;2465;2560;2590;2590;2590;2784;2784;2964;2964;3009;2979;2949;2949;2913;2913;2823;2823;3228;3228;3463;3632;3669;3759;3883;4048;3974;4014;4049;4283;4452;4750;4689;4735;4895;5043;5108;5388;5568;5598;5673;5728;5955;6162;6149;6118;6243;6325;6295;6381;6093;6134;6137;6172;6128;6197;6293;6392;6428;6412
Autorização;03420926000124;AC;GVT;Pequeno Porte;GVT;1706;1689;1652;1599;1545;1509;1490;1476;1428;1414;1387;1352;1343;1351;1339;1321;1166;1143;1146;1148;1143;1126;1123;1118;1100;1083;1067;1059;1053;1042;1032;1024;1002;989;979;939;930;927;925;920;915;919;904;894;886;882;873;864;863;908;943;949;950;960;986;986;957;953;941;922;883;851;839;825;831;815;803;771;750;731;731;707;691
Autorização;03420926000124;AL;GVT;Pequeno Porte;GVT;;;;;;;;;;;;;;;;;;;;;;;;;;;;;;;;;;;;;;;;;;;;;;;;;;;;;;;;;;;;;1788;4145;5743;7736;9508;11120;12504;13779;15007;16484;17995;19330;19857
Autorização;03420926000124;BA;GVT;Pequeno Porte;GVT;;;;;;;;;;;;;;;;;;6320;9995;12845;15183;19010;22872;26316;29102;32578;35193;38183;40784;43345;45330;47758;49657;52639;55315;59449;62134;66192;70467;73940;77032;80514;83543;88659;93207;97392;102338;107974;113180;119671;125200;130240;134646;138236;143269;146311;152642;158166;163528;169474;174951;180836;183431;186679;189336;191446;192896;194916;196816;199968;202577;205311;206263
Autorização;03420926000124;CE;GVT;Pequeno Porte;GVT;;;;;;;;;;;;;;;;;;;;;;;;;;;;;;;;;;1347;7532;17679;25182;31533;37017;41215;44418;47840;51536;55373;59105;63513;67664;73016;77677;82998;88931;93479;98733;102868;106788;106788;113207;116831;121270;125572;130457;135398;136895;139901;142508;145271;146899;149049;150832;153685;156798;159973;161002
Autorização;03420926000124;DF;GVT;Pequeno Porte;GVT;64462;64948;65923;66980;68051;68826;70104;71254;72017;73741;75153;76771;78485;80438;82229;83388;84923;86440;87229;88471;90846;93933;96558;98966;102364;104726;107375;109912;111373;114728;114677;117261;119303;123743;126487;129890;133069;136404;144599;148009;152078;154882;156695;160231;170440;174289;177293;181451;185687;192992;198497;203287;208111;211845;213674;222005;231145;236854;242246;246909;252779;259105;261708;264347;267752;269476;269117;256123;256649;256887;258684;259092;259143
Autorização;03420926000124;ES;GVT;Pequeno Porte;GVT;;;;;;;;;;;;;;;;;;;;;;;313;4380;10101;15680;20446;24610;28827;34006;37118;40166;38925;45831;48835;52327;55890;59424;63143;65758;67719;69573;72587;75574;78571;81933;85874;89485;91728;94827;97939;101217;104128;106952;109353;109353;112505;115062;117697;120072;124124;128781;131557;134029;137098;138796;140764;143208;144901;147236;149113;150911;151600
Autorização;03420926000124;GO;GVT;Pequeno Porte;GVT;56709;57164;58123;58672;59240;59905;60884;61871;63230;64811;66143;67890;69169;70618;72332;74275;76543;78870;80165;81801;83410;85026;86062;87814;89796;92455;95001;97813;99642;102787;104755;107271;109463;113215;116395;119562;122878;125883;129294;132578;135428;139325;142111;145880;149133;153454;157422;163305;168148;174208;179389;184492;188414;192771;199095;191249;198856;202788;207700;211347;217201;220780;222724;227214;230703;234830;237597;254103;256946;260367;262464;264581;265661
Autorização;03420926000124;MT;GVT;Pequeno Porte;GVT;22119;20413;22779;22965;23251;23849;24478;25118;26034;27028;27628;28482;29263;29840;30593;31264;33534;33750;33335;34367;35340;35539;36025;36179;37194;37847;38507;39023;39390;39683;39927;40294;40170;40587;41358;41965;42452;43460;44303;45041;45760;46402;46965;46749;48485;49585;50471;51534;52271;53785;54159;54948;55790;56642;56947;56947;58258;58900;59396;59452;59402;58419;58818;59978;60574;60349;59195;58110;57504;57097;56861;56572;56608
Autorização;03420926000124;MS;GVT;Pequeno Porte;GVT;22968;23523;24092;24427;24427;24994;25553;26167;26525;27754;28504;29251;30147;31281;32614;33972;35236;36507;37800;38990;40231;40899;41644;42401;43381;44281;45070;45666;46123;46903;47417;48052;48567;49534;50738;51715;52708;53614;54932;55844;56664;57467;58190;48912;60492;61486;62167;63261;64374;65668;65878;65944;66220;66618;66807;66807;66912;66045;65348;64946;64316;63610;63534;64007;64623;64698;64450;64065;63777;63648;63823;64345;65178
Autorização;03420926000124;MG;GVT;Pequeno Porte;GVT;3484;3320;3411;4436;6437;8006;9588;13221;17700;23815;30124;39075;48970;55674;59782;62743;67339;72002;74634;74634;79641;85674;89692;92606;95202;98148;101935;104987;107410;110958;113214;116948;120386;124734;129149;133149;136586;140240;144429;148107;151642;153802;156287;159465;161860;165092;167858;171686;174411;178957;182933;187277;189248;192245;194459;194459;199046;199916;202434;205435;208312;212211;215219;218079;220699;223394;225303;226177;227067;230080;233993;238210;241578
Autorização;03420926000124;PB;GVT;Pequeno Porte;GVT;;;;;;;;;;;;;;;;;;;;;;;;;;;;;;;;;;267;2419;5087;7152;8678;10199;11295;12088;12769;13465;14547;15798;17367;18567;20064;20982;21956;22990;24096;25394;26274;27130;27130;29019;30985;33438;35455;37442;39042;39904;40603;41411;42168;42321;42837;44051;45708;46978;48122;48393
Autorização;03420926000124;PR;GVT;Pequeno Porte;GVT;247761;250526;255248;260898;265121;269605;274125;280332;285702;294945;299834;306043;310975;318268;327807;335524;340703;357156;362766;366460;378785;389063;397865;404346;411621;420417;431969;439245;446325;456175;461656;468944;477845;490919;503404;515955;527014;537184;548327;560896;570960;581502;590406;598457;611215;626290;638790;654410;667836;685981;696722;707169;717772;729073;742196;739447;761690;773660;784593;795280;804822;814234;819879;825863;831777;836375;836760;839928;840869;844207;849180;851838;853658
Autorização;03420926000124;PE;GVT;Pequeno Porte;GVT;;;;;;;;;;;;;;;;;;;;;;;;;;;;70;3453;11004;20105;27578;34238;42614;48875;55131;61109;67615;73349;79380;84038;88728;93390;98179;102993;108059;111805;117129;121652;126780;132564;137677;143016;147446;151459;151166;158261;162875;167648;172813;178954;184128;185758;189331;192295;194129;195355;197502;198710;200871;202736;205323;206131
Autorização;03420926000124;RJ;GVT;Pequeno Porte;GVT;15409;14927;14289;16217;17772;18115;15747;15176;14654;16153;15204;15134;15134;15134;15134;15134;7816;8837;9036;8976;9275;9244;9574;10054;10414;10684;10294;11494;11584;12064;12695;12903;13323;13713;13833;14194;14464;16622;17701;19242;22118;27157;33001;38988;44720;53213;60477;67586;75262;82385;87673;92558;96379;100929;104718;104780;110759;114089;117369;120289;122300;126270;131102;134391;138702;142649;143728;146253;147927;150469;154528;160714;165389
Autorização;03420926000124;RN;GVT;Pequeno Porte;GVT;;;;;;;;;;;;;;;;;;;;;;;;;;;;;;;;;;;;;;;;;;;;;;;;;;;;;;;;;;;;;;;;;92;721;1362;2302;3128;4114;5033;5880;6199
Autorização;03420926000124;RS;GVT;Pequeno Porte;GVT;187450;188151;189628;192221;192169;194064;195084;195869;196473;201375;202535;205374;207319;209506;212797;215510;212438;215958;216608;219198;223891;230048;234638;239141;244597;251251;256484;262499;267462;272195;276149;280163;332586;290210;295680;302296;307838;313745;320164;326224;332351;338247;343036;344541;353860;360974;368015;377503;385753;395144;402059;409159;416872;423219;427719;427719;438790;446007;453123;459486;466226;471224;474428;476778;483136;483368;481777;482692;482474;484769;487720;489923;491421
Autorização;03420926000124;RO;GVT;Pequeno Porte;GVT;3819;3770;3733;3693;3578;3535;3510;3468;3425;3451;3429;3376;3335;3330;3310;3277;2985;2966;2958;2925;2879;2824;2792;2786;2777;2753;2750;2718;2706;2670;2602;2576;2518;2489;2446;2369;2333;2319;2341;2343;2343;2343;2319;2309;2301;2288;2270;2255;2273;2274;2259;2244;2250;2245;2227;2227;2222;2242;2318;2277;2216;2175;2140;2027;1961;1901;1927;1823;1662;1661;1628;1622;1576
Autorização;03420926000124;SC;GVT;Pequeno Porte;GVT;61363;61326;62487;64349;64621;65730;65363;66159;67387;70514;71419;72549;73674;74812;76570;78006;75727;77638;79796;81539;83660;86327;88108;89673;91881;94513;96963;99762;101756;105171;106631;109441;96189;115701;119511;123619;127684;131351;134342;137990;140621;143435;146451;149907;152745;157270;161680;166320;170703;176700;180849;184272;186744;190426;194501;194501;200900;204769;208382;212393;215872;220625;223557;228080;230780;233115;233725;234655;235563;236673;240127;243791;246739
Autorização;03420926000124;SP;GVT;Pequeno Porte;GVT;25630;24512;23755;26408;26415;27678;26560;26331;26682;28401;30206;29457;29457;29457;29457;29457;33570;38385;40195;40466;40661;42281;44816;45746;46346;48446;49045;50486;51130;53679;55419;57707;9804;60707;62777;65027;67418;70157;74236;79132;82519;85729;92395;102475;105212;113387;123359;135861;146969;160347;172999;183475;194054;207353;218856;218856;241811;251635;259521;270848;283520;296708;306761;310477;322476;328939;335398;347763;349336;354753;356785;363144;365894
Autorização;03420926000124;SE;GVT;Pequeno Porte;GVT;;;;;;;;;;;;;;;;;;;;;;;;;;;;;;;;;;;;;;;;;;;;;;;;;;;;;;;;;;;;;1550;4402;6113;8144;10201;11801;13004;14552;15693;16933;18490;19838;20425
Autorização;03420926000124;TO;GVT;Pequeno Porte;GVT;1211;1201;1221;1237;1234;1235;1247;1249;1235;1241;1244;1240;1242;1224;1237;1251;1214;1290;1254;1264;1255;1250;1278;1282;1269;1260;1259;1251;1243;1256;1242;1238;1249;1305;1306;1280;1315;1299;1355;1407;1412;1400;1419;1442;1420;1418;1406;1370;1411;1407;1425;1407;1410;1421;1403;1403;1382;1370;1368;1360;1352;1347;1324;1292;1256;1258;1201;1170;1145;1156;1132;1149;1097
Autorização;86734597000113;SP;AEROTECH TELECOMUNICACOES LTDA;Pequeno Porte;OUTROS;52;52;51;51;51;51;51;69;69;69;71;68;68;68;68;68;68;68;68;68;68;68;68;68;68;68;68;68;68;68;68;68;68;68;68;65;65;65;65;65;;60;60;60;60;60;58;58;56;54;53;52;52;52;52;51;49;47;45;43;41;40;39;38;100;;100;100;;39;;;39
Autorização;06053352000191;RJ;DSLI VOX 3 BRASIL COMUNICAÇÕES LTDA;Pequeno Porte;OUTROS;15;15;15;15;15;85;85;85;85;85;85;85;85;55;85;78;55;55;55;55;55;55;55;55;55;55;55;55;45;45;45;45;45;45;45;45;45;45;45;45;45;45;45;45;45;45;45;45;45;45;45;45;45;45;45;45;45;45;45;45;45;45;45;;45;45;45;45;45;45;45;45;45
Autorização;06053352000191;SP;DSLI VOX 3 BRASIL COMUNICAÇÕES LTDA;Pequeno Porte;OUTROS;630;630;630;630;600;500;500;500;500;500;500;500;500;500;500;470;470;470;470;470;465;465;465;465;465;465;465;465;465;465;465;465;465;465;465;465;465;465;465;465;465;465;465;465;465;465;465;465;465;465;465;465;465;465;465;465;465;465;465;465;465;465;465;;465;465;465;465;465;465;465;465;465
Autorização;68785641000132;RJ;ETML EMPRESA DE TELEFONIA MULTIUSUÁRIO SA;Pequeno Porte;OUTROS;1320;1320;1320;1320;1320;1320;1320;1320;1320;1320;1320;1320;1320;1320;1320;1320;1320;1320;1320;1890;1908;1896;1949;1171;1021;1063;1073;1200;1165;1179;1387;1701;1701;1497;1621;1548;1523;1566;1528;1800;2633;2614;2637;2624;2611;2560;2524;2527;2713;2705;2696;2644;2612;2584;2550;122;122;120;118;116;121;120;114;2330;2320;2308;2301;2286;2279;2288;2265;2290;2290
Autorização;80111818000110;SC;BBS OPTIONS TELECOMUNICAÇÕES LTDA-ME;Pequeno Porte;OUTROS;182;182;182;179;179;179;179;179;179;179;179;179;179;179;179;179;179;179;179;179;179;179;179;179;179;179;179;179;179;179;179;179;;179;179;179;179;179;179;179;179;178;179;179;179;178;179;179;168;179;178;179;172;172;172;172;200;178;152;75;59;58;72;77;79;85;86;78;200;72;68;72;72
Autorização;03155642000158;BA;TMAIS LTDA.;Pequeno Porte;OUTROS;703;728;738;736;739;751;751;742;745;749;751;743;737;739;731;539;542;558;558;557;567;568;571;571;563;566;617;585;581;590;568;563;569;583;587;588;592;611;645;643;645;654;655;670;673;448;671;685;686;700;715;712;712;726;743;743;805;872;874;874;875;861;1076;1075;1067;1069;1042;1066;1066;1072;1069;1053;
Autorização;03155642000158;MG;TMAIS LTDA.;Pequeno Porte;OUTROS;843;831;832;792;795;783;762;752;745;717;706;704;712;709;693;463;452;441;439;439;439;437;439;444;434;429;427;426;409;404;382;381;392;394;415;411;423;435;429;428;428;426;425;425;423;448;449;449;475;476;494;495;511;517;539;544;543;587;585;579;578;578;578;633;631;630;630;633;629;631;628;322;
Autorização;03155642000158;RJ;TMAIS LTDA.;Pequeno Porte;OUTROS;1044;1042;1057;1030;1011;1007;991;991;991;991;991;976;985;935;950;750;778;795;788;791;779;777;772;796;778;781;783;797;776;787;781;779;778;738;750;768;779;779;790;786;774;780;799;809;812;884;882;882;887;880;898;905;909;942;953;993;1003;1051;1047;1091;1139;1143;1146;1197;1202;1292;1292;1296;1296;1299;1291;1300;
Autorização;03155642000158;RS;TMAIS LTDA.;Pequeno Porte;OUTROS;1651;1635;1620;1601;1598;1572;1548;1545;1517;1495;1498;1474;1438;1425;1391;1342;1310;1289;1268;1239;1208;1247;1240;1182;1147;1137;1153;1151;1137;1113;1102;1095;1089;1102;1144;1131;1125;1107;1113;1072;1081;1059;1069;1048;1024;1013;985;999;999;994;987;975;957;925;926;908;902;894;913;904;880;873;866;880;872;842;824;817;791;776;764;299;
Autorização;03155642000158;SP;TMAIS LTDA.;Pequeno Porte;OUTROS;3791;3797;3790;3726;3733;3685;3677;3680;3687;3665;3600;3575;3550;3556;3496;2776;2771;2744;2738;2738;2748;2757;2755;2755;2760;2758;2826;2875;2780;2806;2707;2811;3205;3263;3358;3481;3365;3418;3478;3497;3534;3518;3556;3779;3574;3851;3623;3689;3761;3808;3943;3974;4073;4087;4143;4158;4206;4354;4414;4525;4657;4749;4779;4816;4874;4865;4902;4901;4887;4889;3382;3014;
Autorização;06293522000105;CE;LOCAL SERVIÇOS DE TELECOMUNICAÇÕES;Pequeno Porte;OUTROS;3946;4120;4628;4137;4441;4627;4722;4142;4899;5072;5145;3948;3940;4044;4237;4416;4599;4740;4836;4891;4957;5006;5017;5009;5249;5377;5443;5611;5705;5757;5889;5756;5751;5895;5881;5808;5683;5666;5610;5532;5461;5417;5341;5242;5182;5154;;;;;;;;;;3941;3973;3657;3534;3386;3184;;;;;;;;;;;;
Autorização;02519780000106;DF;GLOBALNOVA COMUNICAÇÕES LTDA.;Pequeno Porte;OUTROS;597;597;597;597;597;597;597;597;757;597;597;597;597;597;597;597;807;807;807;807;807;807;807;807;807;807;807;807;807;807;807;807;807;807;807;;;;;;;;;;;;;;;;;;;;;;;;;;;;;;;;;;;;;;
Autorização;02519780000106;GO;GLOBALNOVA COMUNICAÇÕES LTDA.;Pequeno Porte;OUTROS;301;301;301;301;301;301;301;301;401;301;301;301;301;301;301;301;406;406;406;406;406;406;406;406;406;406;406;406;406;406;406;406;406;406;406;;;;;;;;;;;;;;;;;;;;;;;;;;;;;;;;;;;;;;
Autorização;02519780000106;MG;GLOBALNOVA COMUNICAÇÕES LTDA.;Pequeno Porte;OUTROS;934;934;934;934;934;934;934;934;1034;1034;1034;1034;1034;1034;1034;1034;1044;1044;1044;1040;1040;1040;1040;1047;1047;1047;1047;1047;1047;1047;1047;1047;1047;1047;1047;;;;;;;;;;;;;;;;;;;;;;;;;;;;;;;;;;;;;;
Autorização;02519780000106;PR;GLOBALNOVA COMUNICAÇÕES LTDA.;Pequeno Porte;OUTROS;765;765;765;765;535;535;535;535;535;535;535;535;535;535;535;535;535;535;535;535;535;535;535;635;635;635;635;635;635;635;635;635;635;635;635;;;;;;;;;;;;;;;;;;;;;;;;;;;;;;;;;;;;;;
Autorização;02519780000106;RS;GLOBALNOVA COMUNICAÇÕES LTDA.;Pequeno Porte;OUTROS;794;794;794;794;794;794;794;974;953;953;953;953;953;953;953;953;953;953;953;953;953;953;953;1053;1053;1053;1053;1053;1053;1053;1053;1053;1053;1053;1053;;;;;;;;;;;;;;;;;;;;;;;;;;;;;;;;;;;;;;
Autorização;02519780000106;SC;GLOBALNOVA COMUNICAÇÕES LTDA.;Pequeno Porte;OUTROS;541;541;541;541;288;288;288;288;288;288;288;288;288;288;288;288;288;288;288;288;288;288;288;387;387;387;387;387;387;387;387;387;387;387;387;;;;;;;;;;;;;;;;;;;;;;;;;;;;;;;;;;;;;;
Autorização;04289809000136;SP;TELEFREE DO BRASIL TELECOMUNICACOES LTDA;Pequeno Porte;OUTROS;;;;;;48;;;;;51;53;53;53;53;;53;53;53;53;53;53;53;53;53;53;53;53;53;53;;53;;;;;;;;;;;;;;;;;;;;;;;;;;;;;;;;;;;;;;;;;
Autorização;04533132000130;SP;CONECTA TELECOMUNICACOES S.A.;Pequeno Porte;OUTROS;4688;4712;4688;4642;4655;4667;4682;4261;4321;4455;4453;4421;4452;4198;4222;4222;4490;4483;4556;4550;4550;4550;;;;;;;;4550;;;;;;;;;;;;;;;;;;;;;;;;;;;;;;;;;;;;;;;;;;;
Autorização;01003694000183;PA;NORTELPA ENGENHARIA LTDA;Pequeno Porte;OUTROS;1293;1270;1351;1332;1352;1376;1340;1340;1340;1547;1276;1268;1254;1256;1268;1215;1199;1183;1152;1118;1063;1105;1001;;948;;948;;;;;;;;;;;;;;;;;;;;;;;;;;;;;;;;;;;;;;;;;;;;;;
